product_id,product_name,category,price,created_at
1,Reduced actuating Internet solution,Jewelry,29.1,2024-01-27 03:07:21.656223
2,Polarized grid-enabled alliance,Sunglasses,373.63,2024-11-30 02:40:05.527938
3,Innovative zero tolerance capacity,Handbags & Accessories,208.82,2024-12-22 23:35:59.909486
4,Automated global challenge,Sunglasses,255.96,2024-04-01 04:56:22.318001
5,Realigned demand-driven migration,Electronics,489.95,2024-10-02 20:01:10.033663
6,Innovative user-facing encryption,Toys,242.35,2024-06-22 05:20:20.806664
7,Multi-layered bottom-line capacity,Beauty & Personal Care,285.48,2023-11-06 13:55:19.337056
8,Cross-group asymmetric circuit,Toys,25.36,2024-11-20 07:32:01.295576
9,Public-key dedicated moderator,Books,391.98,2024-06-13 01:05:00.674707
10,Mandatory upward-trending utilization,Baby & Toddler,234.67,2025-02-17 20:56:20.551283
11,Operative bottom-line encryption,Garden & Outdoor,220.08,2023-08-18 08:29:22.434004
12,Re-engineered interactive methodology,Watches,198.91,2025-02-28 05:07:08.910975
13,Managed motivating pricing structure,Shoes,112.35,2023-10-01 13:28:56.316111
14,Assimilated reciprocal concept,Handbags & Accessories,49.02,2025-05-08 20:31:08.471529
15,Universal neutral capability,Garden & Outdoor,404.42,2024-07-13 06:58:48.898210
16,Balanced intermediate framework,Electronics,72.23,2024-09-19 01:57:16.633313
17,De-engineered systemic flexibility,Pet Supplies,276.13,2024-12-13 11:01:38.139370
18,Virtual global website,Beauty,181.28,2024-09-01 04:32:41.336646
19,Centralized 24hour collaboration,Jewelry,253.03,2025-03-13 20:51:54.876613
20,Fully-configurable system-worthy conglomeration,Office Supplies,285.72,2023-12-14 08:12:41.454227
21,Optimized dynamic strategy,Pet Supplies,316.87,2024-11-17 14:51:53.640790
22,Visionary modular utilization,Sunglasses,140.58,2025-04-23 04:01:34.115994
23,Realigned composite alliance,Garden & Outdoor,25.57,2024-03-06 10:19:36.942399
24,Self-enabling zero tolerance infrastructure,Watches,382.47,2024-08-22 17:39:36.754963
25,De-engineered intangible archive,Beauty & Personal Care,465.74,2025-03-28 20:48:45.445540
26,Fundamental systemic contingency,Games,404.32,2023-12-16 16:33:50.781982
27,Reduced human-resource matrix,Movies,81.47,2025-01-29 12:49:45.702964
28,Centralized discrete help-desk,Electronics,52.43,2023-10-25 16:15:42.605850
29,Face-to-face eco-centric pricing structure,Sunglasses,198.57,2024-08-17 06:48:57.366430
30,Sharable intermediate database,Automotive,80.04,2024-01-30 04:08:02.572973
31,Exclusive empowering standardization,Toys,376.4,2024-08-20 05:03:30.880134
32,Automated homogeneous projection,Jewelry,292.61,2024-08-07 21:43:40.457564
33,Face-to-face modular data-warehouse,Handbags & Accessories,221.49,2024-08-06 23:39:32.195175
34,Ergonomic regional middleware,Tools,317.99,2025-03-07 18:20:05.340733
35,Balanced global framework,Office Supplies,79.57,2025-06-02 07:51:38.602600
36,Streamlined fault-tolerant ability,Sunglasses,416.21,2023-11-08 05:38:16.269883
37,Extended 5thgeneration infrastructure,Books,329.65,2024-07-19 13:26:19.339941
38,Horizontal neutral knowledge user,Baby & Toddler,458.23,2024-05-13 23:01:42.379369
39,Up-sized bifurcated standardization,Watches,120.27,2024-10-06 07:12:29.598715
40,Adaptive zero administration superstructure,Pet Supplies,245.2,2025-05-20 06:25:27.511492
41,Virtual interactive system engine,Sunglasses,378.58,2024-02-25 22:46:17.550133
42,Multi-lateral exuding framework,Tools,327.8,2024-10-18 17:41:09.635016
43,Future-proofed actuating leverage,Baby & Toddler,324.54,2024-09-10 12:26:06.027973
44,Secured encompassing extranet,Handbags & Accessories,169.85,2025-02-14 22:20:43.910813
45,Focused value-added parallelism,Clothing,430.14,2024-08-18 17:10:40.963009
46,Digitized explicit challenge,Games,195.69,2024-01-04 15:25:46.411035
47,Distributed value-added synergy,Music,23.81,2024-06-07 13:33:26.676937
48,Polarized 24/7 implementation,Home & Garden,368.42,2024-01-06 16:29:20.515806
49,Ameliorated bandwidth-monitored contingency,Electronics,384.77,2025-03-01 06:33:56.455014
50,Compatible systematic firmware,Movies,38.08,2024-08-08 06:59:06.702874
51,Operative next generation neural-net,Baby & Toddler,210.73,2024-05-27 20:17:55.656254
52,De-engineered holistic middleware,Sunglasses,145.16,2024-11-07 20:56:48.087527
53,Universal global knowledge user,Watches,14.08,2024-07-05 23:21:14.020040
54,Front-line intangible solution,Jewelry,486.69,2025-01-13 22:14:59.010546
55,Robust 24hour info-mediaries,Books,72.66,2023-12-07 18:32:25.612476
56,Down-sized full-range approach,Toys,480.55,2025-06-11 01:18:28.577627
57,Extended radical standardization,Games,391.54,2025-03-04 22:25:52.156933
58,Managed explicit project,Baby & Toddler,420.48,2023-12-05 23:20:46.934942
59,Vision-oriented 5thgeneration projection,Toys,429.93,2023-11-03 20:55:10.083116
60,Public-key reciprocal synergy,Office Supplies,96.38,2024-07-18 15:05:31.646727
61,Multi-layered motivating instruction set,Toys,30.41,2024-10-21 03:48:05.011805
62,Seamless client-server Graphical User Interface,Garden & Outdoor,271.53,2024-10-18 12:10:19.039189
63,Switchable asynchronous solution,Books,238.12,2024-03-08 13:09:44.694264
64,Cross-group demand-driven extranet,Music,117.59,2024-10-29 20:21:27.723326
65,Stand-alone bandwidth-monitored strategy,Shoes,470.37,2024-01-07 18:54:39.455320
66,Multi-layered next generation toolset,Tools,262.8,2023-11-13 01:47:53.066837
67,Up-sized actuating analyzer,Sports,322.2,2023-08-02 06:07:17.442996
68,Re-contextualized real-time contingency,Office Supplies,44.24,2024-07-04 06:40:04.213723
69,Digitized coherent complexity,Office Supplies,193.91,2024-07-19 05:55:34.442845
70,Intuitive methodical Graphical User Interface,Handbags & Accessories,132.37,2023-10-05 22:56:17.328895
71,Mandatory contextually-based core,Sports,114.7,2024-05-10 13:03:15.205675
72,Vision-oriented foreground migration,Sports,401.86,2025-04-05 03:41:52.081979
73,Horizontal composite superstructure,Garden & Outdoor,202.03,2023-10-11 20:21:42.806110
74,Devolved client-server product,Sunglasses,165.27,2024-01-25 03:12:27.041323
75,User-friendly context-sensitive task-force,Sports,194.91,2023-06-22 05:22:51.424339
76,User-friendly analyzing installation,Beauty,236.61,2025-06-07 01:46:55.447376
77,Optimized interactive Local Area Network,Shoes,33.52,2024-08-14 06:24:33.746129
78,Balanced grid-enabled installation,Office Supplies,323.96,2025-01-16 21:35:24.190960
79,Fundamental client-driven utilization,Games,439.62,2024-03-30 07:03:38.553029
80,Enterprise-wide contextually-based neural-net,Electronics,369.49,2023-07-06 04:50:01.437598
81,Reverse-engineered heuristic hierarchy,Beauty & Personal Care,88.44,2024-05-08 14:44:50.042867
82,Exclusive dedicated pricing structure,Games,317.13,2024-09-29 18:14:04.158068
83,Focused eco-centric groupware,Pet Supplies,367.24,2024-01-03 10:34:49.268784
84,Team-oriented non-volatile time-frame,Art & Crafts,420.83,2025-05-18 04:12:08.078107
85,User-centric grid-enabled throughput,Garden & Outdoor,351.66,2024-03-07 23:14:06.868955
86,Inverse systemic info-mediaries,Pet Supplies,339.97,2023-12-24 12:07:13.717077
87,Enhanced high-level strategy,Pet Supplies,208.67,2024-08-06 17:36:12.219222
88,Multi-channeled content-based initiative,Handbags & Accessories,488.59,2024-07-12 12:21:45.263802
89,Phased empowering framework,Tools,36.69,2024-08-31 18:01:31.019536
90,Mandatory empowering methodology,Art & Crafts,152.67,2023-09-26 03:40:18.885368
91,Profit-focused 6thgeneration secured line,Beauty,148.97,2023-08-07 14:29:13.021149
92,Cross-platform encompassing open architecture,Beauty & Personal Care,244.39,2025-03-17 23:05:23.229404
93,Mandatory systemic encoding,Sports,495.84,2024-10-31 18:34:20.640885
94,Re-contextualized web-enabled time-frame,Sports,102.06,2024-03-03 17:08:03.926703
95,Multi-lateral logistical throughput,Beauty & Personal Care,338.05,2023-11-19 23:27:47.552699
96,Multi-layered static challenge,Watches,53.21,2025-04-09 19:40:41.840264
97,Devolved background monitoring,Music,151.21,2023-10-28 17:02:12.170265
98,Face-to-face radical circuit,Shoes,186.54,2024-06-21 03:48:47.506711
99,Fundamental system-worthy Graphical User Interface,Clothing,421.6,2024-09-27 22:08:23.982867
100,Exclusive cohesive hardware,Beauty,262.72,2024-07-27 13:35:05.336812
101,Diverse systematic orchestration,Books,227.64,2024-02-12 13:57:01.913449
102,User-friendly web-enabled system engine,Sunglasses,343.03,2023-06-26 06:03:21.515885
103,Re-engineered uniform productivity,Movies,22.67,2024-01-18 04:31:49.797198
104,Organic bottom-line contingency,Beauty & Personal Care,286.55,2023-11-27 07:11:58.641386
105,Optional modular orchestration,Tools,151.07,2024-02-28 19:04:47.092050
106,Switchable global Internet solution,Clothing,151.01,2023-11-22 18:42:58.580621
107,Horizontal background functionalities,Pet Supplies,282.28,2025-03-25 03:51:57.397449
108,Open-source user-facing superstructure,Office Supplies,71.51,2023-11-27 10:31:00.967716
109,Enterprise-wide clear-thinking superstructure,Automotive,120.81,2024-05-27 03:57:59.607721
110,Optional eco-centric solution,Electronics,69.62,2024-11-10 08:24:41.710155
111,User-friendly modular Local Area Network,Watches,37.78,2023-07-11 23:52:16.995978
112,Fundamental bifurcated system engine,Watches,250.61,2024-04-11 05:08:45.655864
113,Pre-emptive actuating standardization,Sunglasses,61.85,2024-03-21 16:54:57.709345
114,Cross-platform regional function,Handbags & Accessories,120.72,2023-09-16 21:41:45.513334
115,Realigned mission-critical forecast,Handbags & Accessories,44.48,2023-11-09 21:44:26.565309
116,Programmable interactive service-desk,Clothing,172.61,2024-11-03 16:29:03.245470
117,Innovative mission-critical encryption,Automotive,130.82,2023-08-30 06:55:14.997210
118,Inverse next generation analyzer,Health & Wellness,397.66,2023-12-17 18:12:43.638192
119,Ameliorated dedicated time-frame,Books,211.59,2024-08-14 19:30:35.859405
120,Object-based clear-thinking support,Art & Crafts,195.65,2024-06-04 00:40:48.979729
121,Configurable tangible instruction set,Books,417.19,2023-12-11 17:59:23.583047
122,Organic mission-critical challenge,Garden & Outdoor,477.32,2025-02-17 04:15:15.079561
123,Proactive well-modulated project,Pet Supplies,387.55,2024-02-10 10:18:30.347603
124,Expanded intermediate solution,Garden & Outdoor,111.71,2024-07-27 06:47:05.498029
125,Decentralized 6thgeneration service-desk,Beauty & Personal Care,386.33,2025-05-29 21:30:58.787593
126,Exclusive fresh-thinking time-frame,Health & Wellness,161.24,2024-05-05 14:06:31.754111
127,Team-oriented attitude-oriented system engine,Music,166.39,2024-02-26 10:44:46.969095
128,Function-based empowering info-mediaries,Beauty,411.98,2024-02-16 03:47:47.493718
129,Upgradable global intranet,Shoes,136.13,2025-03-09 02:51:26.963251
130,Automated incremental knowledge user,Games,298.6,2024-04-05 17:24:27.842134
131,Devolved object-oriented knowledgebase,Sunglasses,407.04,2024-10-08 15:57:51.437523
132,Universal well-modulated paradigm,Movies,266.43,2025-01-14 15:00:43.002467
133,Optional 5thgeneration capability,Pet Supplies,313.17,2023-08-08 20:51:49.046419
134,Face-to-face bi-directional definition,Sports,115.94,2025-05-20 07:53:24.243214
135,Multi-channeled contextually-based adapter,Pet Supplies,383.2,2024-01-20 05:09:50.945825
136,Secured interactive productivity,Beauty,348.71,2023-07-16 20:20:19.057704
137,Cross-group contextually-based projection,Handbags & Accessories,173.45,2024-02-12 14:22:13.696903
138,Innovative static extranet,Tools,377.15,2025-01-10 04:15:57.577674
139,Cloned intangible software,Movies,170.02,2024-07-05 21:50:05.893972
140,Decentralized multi-state alliance,Clothing,308.65,2024-05-15 18:55:37.161174
141,Digitized non-volatile Internet solution,Beauty,289.45,2024-11-08 03:16:02.120450
142,Total dynamic interface,Office Supplies,284.42,2025-01-12 03:21:45.580558
143,Stand-alone contextually-based architecture,Automotive,16.05,2024-02-17 16:38:18.455255
144,Persistent content-based emulation,Baby & Toddler,178.42,2024-07-26 03:38:13.637820
145,Innovative maximized moratorium,Handbags & Accessories,454.82,2024-08-28 04:55:43.634425
146,Secured human-resource orchestration,Music,419.24,2023-10-10 16:33:50.872955
147,Persevering context-sensitive firmware,Art & Crafts,247.83,2024-02-11 14:02:27.901837
148,Face-to-face full-range circuit,Toys,238.69,2024-11-27 11:16:19.660398
149,Distributed asynchronous data-warehouse,Clothing,224.31,2024-12-23 18:55:21.729938
150,Reverse-engineered intermediate neural-net,Games,412.46,2025-02-19 07:36:52.508661
151,Monitored exuding hub,Handbags & Accessories,448.62,2024-07-22 20:32:48.080420
152,Cross-group 3rdgeneration paradigm,Games,462.12,2024-01-19 18:51:07.812060
153,Synchronized didactic initiative,Garden & Outdoor,73.98,2023-08-19 15:23:26.703099
154,Vision-oriented directional Internet solution,Toys,49.37,2024-04-21 09:46:41.167763
155,Inverse modular intranet,Movies,366.18,2023-08-06 20:39:18.168727
156,Business-focused non-volatile alliance,Books,24.08,2025-05-19 09:36:04.442848
157,Reduced user-facing utilization,Tools,435.18,2025-04-28 19:19:32.699082
158,Ergonomic attitude-oriented process improvement,Jewelry,313.64,2024-02-09 02:47:34.707262
159,Enterprise-wide logistical encoding,Jewelry,182.22,2023-11-12 09:45:41.419457
160,Realigned intermediate standardization,Tools,265.99,2025-05-10 01:32:17.294842
161,Total asynchronous Graphical User Interface,Sunglasses,57.33,2024-07-11 00:51:12.580979
162,Right-sized coherent collaboration,Jewelry,481.2,2023-06-19 04:51:38.118396
163,Re-contextualized multi-state focus group,Beauty & Personal Care,200.92,2024-09-03 04:51:57.209453
164,Universal modular access,Art & Crafts,376.43,2025-01-25 15:30:19.459964
165,Horizontal logistical concept,Games,307.02,2024-11-10 19:51:44.467785
166,Customer-focused full-range frame,Art & Crafts,272.22,2023-09-10 22:55:44.294208
167,Virtual local customer loyalty,Jewelry,288.79,2024-05-08 16:58:02.198068
168,Down-sized disintermediate infrastructure,Jewelry,441.04,2024-07-14 20:38:11.497607
169,Public-key disintermediate groupware,Art & Crafts,413.37,2024-02-18 20:23:34.492109
170,Vision-oriented client-driven knowledge user,Music,210.63,2024-09-25 03:25:47.520150
171,Ergonomic high-level process improvement,Tools,239.41,2025-04-15 06:42:14.981086
172,Business-focused clear-thinking challenge,Music,371.34,2024-11-26 19:02:54.864093
173,Ergonomic value-added support,Games,86.09,2024-02-12 13:02:08.216522
174,Programmable 24hour contingency,Toys,396.87,2024-04-28 23:01:28.947290
175,Virtual uniform array,Beauty,50.39,2024-09-08 23:48:22.410329
176,Stand-alone optimizing matrix,Shoes,491.43,2025-03-06 20:57:34.471022
177,Public-key leadingedge process improvement,Toys,126.27,2025-05-14 06:42:25.182178
178,Secured asynchronous project,Health & Wellness,350.17,2023-09-17 05:47:56.545994
179,Reduced even-keeled definition,Jewelry,321.6,2024-09-23 19:24:31.539669
180,Optional local intranet,Beauty & Personal Care,422.24,2025-03-09 02:38:35.617873
181,Business-focused background approach,Garden & Outdoor,51.63,2025-03-04 06:19:24.596486
182,Organized background installation,Beauty,275.19,2023-10-13 21:14:15.481490
183,User-centric non-volatile budgetary management,Watches,33.49,2023-07-23 00:35:19.147595
184,Multi-tiered dynamic structure,Beauty,461.95,2025-02-04 20:41:14.240505
185,Configurable exuding capability,Automotive,316.51,2023-11-12 06:04:17.337210
186,Face-to-face tertiary forecast,Jewelry,249.26,2025-04-06 11:13:54.310187
187,Open-architected composite intranet,Books,231.72,2024-08-08 12:19:22.035395
188,Reactive asynchronous array,Pet Supplies,22.98,2025-01-19 23:27:06.322461
189,User-friendly full-range installation,Music,85.98,2025-02-09 13:43:07.860834
190,Balanced 24hour migration,Games,416.62,2023-07-02 19:40:43.738677
191,Managed zero tolerance support,Baby & Toddler,119.62,2023-07-01 07:06:54.845492
192,Reactive national moratorium,Handbags & Accessories,373.02,2023-10-14 16:28:59.066245
193,Enhanced value-added contingency,Books,487.21,2023-10-17 13:10:49.440861
194,Enterprise-wide hybrid success,Watches,488.8,2025-03-08 20:39:11.526347
195,Versatile neutral approach,Jewelry,253.23,2025-02-11 01:07:48.768811
196,Pre-emptive 3rdgeneration knowledge user,Office Supplies,11.92,2023-11-29 14:47:34.080968
197,Pre-emptive high-level extranet,Watches,303.85,2023-07-18 14:40:36.727266
198,Total demand-driven hub,Beauty & Personal Care,376.15,2024-05-09 14:49:33.479218
199,Re-contextualized upward-trending hardware,Clothing,335.78,2025-03-24 06:39:13.153308
200,Down-sized responsive knowledgebase,Music,289.21,2024-03-12 09:43:07.696474
201,Innovative fresh-thinking service-desk,Garden & Outdoor,119.69,2024-10-13 00:26:52.567008
202,Cloned local projection,Jewelry,59.71,2025-01-18 11:13:40.262561
203,Reduced incremental frame,Home & Garden,164.29,2023-09-01 01:19:17.677068
204,Multi-lateral 4thgeneration challenge,Automotive,478.09,2024-08-18 02:51:31.072351
205,Cross-platform tangible monitoring,Books,275.86,2025-03-07 16:57:06.913206
206,Balanced neutral hierarchy,Tools,184.67,2024-04-28 14:54:18.549762
207,De-engineered composite approach,Music,62.93,2025-02-08 13:53:02.304638
208,Cross-platform neutral support,Music,273.97,2024-09-08 02:32:56.647984
209,Optimized fresh-thinking info-mediaries,Toys,425.84,2025-04-11 10:14:09.446334
210,Devolved object-oriented functionalities,Toys,324.52,2024-02-13 15:48:44.978760
211,Team-oriented radical customer loyalty,Health & Wellness,321.91,2024-06-10 09:48:40.908188
212,Horizontal global initiative,Home & Garden,155.25,2024-12-13 03:54:39.132673
213,Compatible regional interface,Art & Crafts,34.7,2024-02-26 22:25:12.926153
214,Vision-oriented discrete instruction set,Games,86.19,2023-11-19 04:24:08.649705
215,Switchable foreground paradigm,Toys,473.69,2024-02-25 10:15:49.770433
216,Realigned grid-enabled architecture,Electronics,203.64,2023-10-22 01:41:39.992830
217,Streamlined upward-trending analyzer,Toys,104.75,2024-12-21 22:24:34.054877
218,Re-engineered radical help-desk,Tools,191.41,2024-12-16 17:20:44.185120
219,Seamless discrete open architecture,Art & Crafts,384.05,2024-04-07 11:24:57.980141
220,Total bottom-line product,Health & Wellness,19.15,2025-05-02 13:25:11.942539
221,Optional systematic website,Beauty,422.96,2023-11-12 06:19:52.717735
222,Virtual dynamic initiative,Automotive,363.56,2023-08-31 15:05:08.177736
223,Devolved holistic software,Beauty,259.12,2023-10-24 04:30:18.717668
224,Open-architected intermediate time-frame,Beauty,23.78,2023-07-06 03:09:39.954473
225,Down-sized mission-critical implementation,Sunglasses,22.21,2024-04-04 19:25:02.682682
226,Visionary non-volatile customer loyalty,Music,482.14,2024-08-11 01:00:29.259933
227,User-friendly tertiary archive,Electronics,124.81,2024-11-22 18:09:34.275573
228,De-engineered dedicated info-mediaries,Office Supplies,36.14,2023-12-09 20:18:13.066427
229,Up-sized demand-driven collaboration,Books,495.75,2024-08-28 05:27:05.965852
230,User-centric human-resource solution,Home & Garden,353.58,2025-04-22 22:43:43.054429
231,Distributed impactful data-warehouse,Beauty,204.6,2023-12-13 09:28:42.675179
232,Networked homogeneous challenge,Baby & Toddler,64.44,2024-01-24 15:09:41.309924
233,De-engineered foreground architecture,Sunglasses,33.2,2024-08-24 10:44:27.160445
234,Multi-lateral cohesive contingency,Automotive,474.47,2024-01-05 03:51:07.729714
235,Distributed real-time definition,Beauty & Personal Care,146.36,2025-05-12 15:13:30.627689
236,Fully-configurable secondary product,Toys,293.3,2024-08-01 00:20:32.209509
237,Virtual needs-based interface,Games,138.73,2024-07-19 14:56:48.107847
238,Customer-focused zero-defect Graphic Interface,Sports,415.4,2023-11-08 08:14:36.533624
239,Organic impactful analyzer,Toys,401.97,2024-11-06 21:03:45.768556
240,Upgradable fault-tolerant service-desk,Art & Crafts,94.16,2023-06-22 15:25:23.073893
241,Enterprise-wide optimal knowledge user,Sunglasses,88.64,2024-07-10 08:22:55.443390
242,Upgradable interactive encoding,Sports,249.12,2023-08-24 19:05:04.675260
243,Multi-layered system-worthy encoding,Garden & Outdoor,265.04,2024-11-22 15:56:35.113459
244,User-centric static Internet solution,Handbags & Accessories,54.07,2024-03-12 07:39:24.722476
245,Virtual optimal firmware,Sports,201.79,2023-12-10 15:35:27.815213
246,Automated disintermediate neural-net,Health & Wellness,338.86,2024-12-01 16:04:17.179599
247,De-engineered cohesive attitude,Office Supplies,173.53,2023-08-19 12:49:17.845884
248,Stand-alone context-sensitive interface,Garden & Outdoor,123.54,2023-07-09 08:23:20.052370
249,Enhanced tangible encoding,Shoes,254.58,2025-01-25 03:47:20.642684
250,Balanced multi-state flexibility,Health & Wellness,431.82,2024-01-06 19:05:02.475660
251,Inverse 4thgeneration task-force,Handbags & Accessories,38.61,2025-04-03 06:02:06.305765
252,Polarized client-driven hierarchy,Pet Supplies,137.07,2023-06-27 09:49:05.263720
253,Assimilated optimizing hardware,Shoes,298.89,2024-06-27 15:41:13.107936
254,Multi-lateral asynchronous Local Area Network,Movies,479.68,2023-09-01 18:39:45.819709
255,Profit-focused eco-centric contingency,Clothing,436.87,2024-02-13 11:19:37.681448
256,Extended mission-critical time-frame,Tools,132.15,2024-10-10 13:02:55.528322
257,Universal transitional structure,Home & Garden,140.76,2025-05-24 14:05:29.609803
258,Synchronized explicit parallelism,Handbags & Accessories,83.3,2024-12-06 13:58:18.053931
259,Optimized secondary monitoring,Handbags & Accessories,35.63,2023-08-28 03:11:25.609771
260,Cross-group 24hour knowledge user,Movies,455.32,2024-12-26 18:31:12.468408
261,Organized encompassing adapter,Watches,418.59,2024-03-07 12:46:03.824465
262,Public-key optimal encryption,Sports,468.47,2025-03-09 17:29:00.464069
263,Switchable regional emulation,Shoes,468.2,2024-05-11 17:33:40.891027
264,Distributed mobile parallelism,Shoes,394.69,2024-12-16 02:50:56.243980
265,Multi-channeled national infrastructure,Jewelry,486.6,2023-07-04 17:55:18.080204
266,Self-enabling high-level circuit,Pet Supplies,254.38,2023-07-18 14:58:17.979225
267,Cross-platform stable neural-net,Jewelry,497.97,2025-02-04 19:17:02.456192
268,Team-oriented real-time functionalities,Games,434.07,2023-09-29 22:32:04.440479
269,Object-based client-server extranet,Art & Crafts,306.64,2023-11-25 07:49:31.121138
270,Optional stable pricing structure,Home & Garden,281.22,2023-08-02 01:22:20.109677
271,Decentralized fresh-thinking database,Garden & Outdoor,60.57,2024-01-16 06:19:41.711110
272,Balanced asynchronous moratorium,Art & Crafts,158.82,2024-03-04 01:00:01.079823
273,Focused multimedia matrix,Books,473.61,2024-01-23 19:44:27.761745
274,Self-enabling uniform toolset,Art & Crafts,469.13,2024-09-18 16:34:44.652426
275,Sharable zero administration firmware,Health & Wellness,332.22,2024-08-12 07:53:44.839365
276,Extended user-facing help-desk,Music,401.57,2025-03-01 00:35:50.387669
277,Intuitive global installation,Movies,448.63,2024-11-29 03:43:58.022869
278,Reduced tertiary emulation,Health & Wellness,19.24,2024-04-29 08:52:40.939793
279,Self-enabling analyzing orchestration,Art & Crafts,446.39,2023-07-31 04:39:10.321746
280,Robust heuristic monitoring,Beauty,394.39,2023-11-03 07:12:49.906420
281,Centralized user-facing superstructure,Handbags & Accessories,350.43,2024-08-14 18:08:20.516505
282,Diverse bi-directional instruction set,Health & Wellness,410.4,2025-04-27 07:18:17.038000
283,Multi-layered executive neural-net,Health & Wellness,191.81,2024-09-04 23:22:52.031118
284,Compatible national utilization,Office Supplies,435.48,2023-07-09 07:01:41.512841
285,Sharable incremental support,Toys,361.25,2024-12-07 10:41:01.902876
286,Virtual directional projection,Tools,229.99,2023-07-31 18:16:58.933205
287,Assimilated mobile attitude,Art & Crafts,11.95,2024-08-15 07:35:37.020187
288,Phased 3rdgeneration artificial intelligence,Electronics,426.68,2025-02-21 09:57:26.641460
289,Upgradable full-range initiative,Health & Wellness,276.95,2024-03-14 20:30:44.373108
290,Mandatory regional open system,Sports,330.55,2025-04-14 02:42:09.788971
291,Enhanced bottom-line initiative,Beauty & Personal Care,189.01,2024-05-14 15:22:08.564662
292,Streamlined bandwidth-monitored adapter,Handbags & Accessories,407.93,2024-04-24 09:15:29.743466
293,Exclusive stable toolset,Sunglasses,159.96,2024-09-11 18:52:16.853319
294,Function-based optimizing open architecture,Garden & Outdoor,238.54,2024-10-04 20:54:20.742471
295,Down-sized responsive collaboration,Automotive,271.36,2024-03-28 20:20:07.547528
296,Object-based coherent success,Music,275.59,2024-04-29 18:33:41.432190
297,Seamless object-oriented hub,Toys,446.58,2025-05-12 00:59:15.098806
298,Phased incremental framework,Office Supplies,136.26,2023-10-21 03:58:21.836370
299,Pre-emptive zero tolerance implementation,Watches,89.05,2024-06-09 21:01:26.456913
300,Quality-focused cohesive paradigm,Home & Garden,258.84,2023-08-27 20:56:53.159223
301,Robust bifurcated website,Games,85.36,2024-07-07 13:48:48.998171
302,Fully-configurable neutral contingency,Electronics,474.31,2025-01-17 09:36:16.261697
303,Versatile 5thgeneration migration,Electronics,200.62,2023-09-04 13:34:40.788638
304,User-centric client-server instruction set,Beauty,93.45,2023-08-21 05:20:17.242802
305,Phased logistical superstructure,Sports,400.25,2024-12-31 05:39:00.413501
306,Streamlined multi-tasking protocol,Shoes,280.11,2024-03-13 04:00:59.791062
307,Virtual regional functionalities,Music,83.25,2024-10-23 16:24:33.569310
308,Inverse client-driven parallelism,Games,256.47,2025-03-10 22:25:40.313099
309,De-engineered full-range installation,Handbags & Accessories,344.56,2024-06-29 03:56:56.553704
310,Digitized executive strategy,Home & Garden,365.15,2025-04-10 15:58:35.016108
311,Visionary didactic customer loyalty,Tools,489.55,2025-03-10 21:39:56.274080
312,Reactive motivating matrix,Tools,212.93,2023-10-02 22:30:44.011212
313,Automated actuating knowledgebase,Garden & Outdoor,118.85,2024-11-14 09:23:57.853070
314,Progressive fault-tolerant knowledgebase,Baby & Toddler,420.06,2024-11-08 12:28:04.577813
315,Optimized regional knowledgebase,Jewelry,15.13,2024-11-01 03:28:51.116096
316,Focused 6thgeneration core,Automotive,406.21,2024-07-25 05:40:18.942089
317,Exclusive mobile success,Movies,318.29,2025-01-13 03:40:49.097443
318,Extended methodical hardware,Health & Wellness,107.11,2023-10-19 09:52:56.472886
319,Re-engineered mobile synergy,Handbags & Accessories,161.47,2025-04-20 08:43:55.672742
320,Virtual value-added website,Baby & Toddler,39.08,2024-01-01 09:27:37.984174
321,Reduced tangible knowledge user,Shoes,461.53,2024-09-07 05:47:20.851746
322,Secured even-keeled toolset,Handbags & Accessories,466.31,2024-10-12 10:52:14.871941
323,Exclusive contextually-based Internet solution,Jewelry,370.57,2023-10-19 12:17:58.586662
324,Configurable asynchronous open system,Sports,197.39,2024-11-30 19:29:03.328856
325,Reverse-engineered mobile archive,Movies,482.7,2024-02-24 16:06:57.520702
326,Organic tangible data-warehouse,Books,343.47,2024-07-04 03:47:40.053732
327,Persevering composite help-desk,Games,186.83,2023-06-18 19:22:15.585419
328,Phased incremental Graphic Interface,Home & Garden,313.46,2024-12-04 13:16:58.866740
329,Up-sized exuding flexibility,Pet Supplies,171.36,2023-12-30 06:28:13.511343
330,Switchable asynchronous task-force,Books,345.42,2023-11-08 08:26:00.465679
331,Team-oriented neutral monitoring,Games,45.32,2024-12-08 05:24:49.544105
332,Expanded secondary Graphical User Interface,Baby & Toddler,149.27,2024-03-15 11:26:42.110893
333,Cross-platform reciprocal focus group,Automotive,497.97,2025-01-09 16:18:06.434010
334,Customer-focused foreground ability,Toys,177.34,2025-02-19 20:32:52.075955
335,Down-sized coherent migration,Shoes,119.04,2023-10-03 07:56:55.364952
336,Future-proofed needs-based support,Music,281.27,2024-05-16 16:26:44.022768
337,Networked background synergy,Sunglasses,264.09,2023-12-13 18:18:33.535341
338,Enterprise-wide context-sensitive instruction set,Office Supplies,395.12,2024-08-24 18:31:59.011908
339,Centralized contextually-based Graphical User Interface,Jewelry,13.73,2024-02-16 05:35:14.424242
340,Assimilated multi-state complexity,Jewelry,55.17,2024-10-03 11:45:40.078054
341,Programmable fresh-thinking methodology,Electronics,325.73,2023-08-13 11:40:51.361358
342,Robust contextually-based frame,Music,438.24,2023-07-29 09:05:10.928831
343,Multi-channeled solution-oriented structure,Office Supplies,330.86,2024-02-01 13:27:39.598656
344,Object-based composite product,Tools,131.61,2023-11-24 01:53:34.706424
345,Vision-oriented asynchronous extranet,Jewelry,476.13,2024-04-29 12:47:35.991874
346,Cross-platform maximized algorithm,Garden & Outdoor,314.88,2025-02-12 07:01:51.503518
347,Open-architected next generation open system,Sunglasses,178.46,2025-03-13 08:15:48.049064
348,Up-sized modular website,Beauty & Personal Care,180.7,2024-11-09 07:48:53.344869
349,Compatible scalable hardware,Sports,437.17,2023-11-10 05:11:03.435417
350,Function-based exuding groupware,Clothing,159.1,2023-12-01 18:23:38.726220
351,Reactive tangible Graphic Interface,Electronics,342.8,2023-09-05 04:23:51.572350
352,Streamlined zero administration archive,Office Supplies,50.88,2025-02-01 08:12:12.890628
353,Robust zero-defect moratorium,Automotive,155.86,2023-09-11 23:16:55.983254
354,Visionary secondary project,Tools,462.47,2024-06-30 05:04:59.599944
355,Optimized content-based throughput,Jewelry,260.49,2024-05-18 07:56:05.606839
356,Expanded neutral policy,Watches,442.63,2024-02-20 10:24:04.875399
357,Streamlined impactful info-mediaries,Home & Garden,487.27,2024-03-13 22:10:14.654075
358,Centralized motivating capability,Movies,126.14,2024-11-15 22:26:47.637564
359,Public-key neutral collaboration,Beauty & Personal Care,487.49,2024-08-04 11:37:30.607203
360,Enhanced secondary synergy,Beauty,299.3,2025-02-10 23:44:18.122458
361,Multi-channeled solution-oriented strategy,Watches,240.45,2023-11-28 16:54:19.866805
362,Horizontal user-facing protocol,Pet Supplies,97.62,2024-11-09 11:36:48.964459
363,Pre-emptive background flexibility,Baby & Toddler,171.87,2024-10-17 20:14:06.003420
364,Polarized dynamic conglomeration,Electronics,222.34,2023-07-20 22:47:29.678769
365,Organic intermediate utilization,Jewelry,406.88,2023-11-25 13:06:19.221564
366,Versatile object-oriented success,Games,18.69,2025-03-22 07:07:30.653729
367,Ergonomic directional architecture,Shoes,177.03,2025-04-19 04:42:22.079839
368,Face-to-face coherent project,Tools,337.43,2023-06-19 13:57:37.887437
369,Self-enabling systemic framework,Art & Crafts,350.65,2024-05-04 19:33:43.313793
370,Realigned optimal alliance,Books,425.18,2024-05-19 13:53:38.829921
371,Sharable system-worthy ability,Beauty & Personal Care,370.83,2023-07-17 12:32:23.805789
372,Future-proofed interactive parallelism,Clothing,53.28,2025-03-20 13:04:42.485583
373,Profit-focused holistic utilization,Office Supplies,270.9,2023-10-31 01:46:18.688826
374,Down-sized directional protocol,Movies,98.82,2023-10-30 13:13:00.857931
375,Universal empowering focus group,Watches,181.31,2024-05-01 10:53:30.493590
376,Persevering optimizing parallelism,Sports,473.95,2023-09-23 04:37:24.169619
377,Automated 6thgeneration database,Beauty,266.41,2024-02-12 18:21:39.350827
378,Enhanced empowering projection,Sunglasses,183.82,2024-07-19 09:36:49.535920
379,Expanded systemic paradigm,Automotive,210.07,2025-02-03 16:11:43.221910
380,Open-source clear-thinking policy,Health & Wellness,199.16,2024-02-15 19:30:57.344869
381,Realigned optimizing architecture,Office Supplies,45.11,2024-04-03 22:34:58.761042
382,Right-sized encompassing service-desk,Art & Crafts,92.7,2025-05-20 15:17:17.442477
383,Customizable attitude-oriented initiative,Books,260.8,2023-11-17 13:44:43.764873
384,Distributed actuating task-force,Electronics,69.67,2024-09-19 23:37:31.577936
385,Vision-oriented intermediate utilization,Art & Crafts,357.78,2024-05-10 16:30:44.741847
386,Streamlined contextually-based Internet solution,Toys,319.55,2024-11-08 20:34:50.809277
387,Multi-lateral coherent forecast,Clothing,302.93,2023-07-04 04:18:52.729385
388,Expanded stable implementation,Music,232.99,2023-07-15 06:58:20.858955
389,Future-proofed encompassing analyzer,Health & Wellness,456.61,2023-10-14 09:44:32.469998
390,Mandatory local ability,Baby & Toddler,454.25,2025-04-11 10:02:04.318145
391,Synchronized logistical access,Toys,102.85,2024-07-21 22:16:38.896659
392,Phased upward-trending architecture,Office Supplies,335.0,2024-04-27 19:45:06.625878
393,Profit-focused global middleware,Office Supplies,103.28,2023-07-30 03:03:40.281942
394,Multi-lateral non-volatile encryption,Beauty & Personal Care,24.27,2023-07-13 17:30:29.903841
395,Public-key intermediate collaboration,Tools,120.32,2024-02-10 16:40:33.241366
396,Organized methodical capacity,Sports,261.22,2024-01-19 03:49:43.419220
397,User-friendly zero administration budgetary management,Sports,367.15,2024-09-08 00:24:48.857228
398,Synergistic explicit migration,Music,178.32,2024-10-21 21:17:10.980863
399,Ergonomic tertiary Local Area Network,Health & Wellness,316.29,2023-07-25 08:27:47.689856
400,Persevering real-time intranet,Automotive,394.8,2023-09-24 00:23:45.947161
401,Synergized content-based circuit,Automotive,193.96,2024-10-28 13:43:01.599120
402,Configurable object-oriented functionalities,Toys,418.91,2025-05-14 05:46:47.906499
403,Networked optimal help-desk,Sunglasses,62.38,2024-08-02 17:02:28.396115
404,Re-contextualized non-volatile task-force,Tools,447.21,2024-02-27 02:22:53.417679
405,User-centric 24/7 policy,Beauty,287.68,2023-08-21 11:02:18.649375
406,Business-focused tangible installation,Sunglasses,453.4,2025-01-06 11:33:56.967034
407,Vision-oriented 6thgeneration workforce,Baby & Toddler,309.65,2024-07-26 08:06:49.730323
408,Switchable real-time knowledgebase,Books,426.45,2023-11-03 00:30:47.890681
409,Innovative zero-defect archive,Automotive,340.85,2024-06-15 09:46:34.484982
410,Synergistic empowering success,Office Supplies,194.81,2024-12-14 07:56:28.346975
411,Exclusive zero-defect project,Pet Supplies,72.26,2023-10-23 04:18:27.798226
412,Focused 24/7 moderator,Games,318.82,2024-08-06 06:19:08.375883
413,Ergonomic 4thgeneration workforce,Music,291.98,2024-12-09 07:20:03.408297
414,Integrated intermediate attitude,Art & Crafts,174.85,2025-04-08 22:58:45.116980
415,Pre-emptive attitude-oriented emulation,Automotive,164.67,2025-04-18 00:25:06.329535
416,Proactive client-driven pricing structure,Art & Crafts,420.22,2023-12-03 06:49:25.853415
417,Managed human-resource concept,Beauty,317.77,2024-06-22 09:04:19.994673
418,Reduced encompassing solution,Sunglasses,40.67,2023-08-13 03:24:29.717849
419,Profound well-modulated database,Jewelry,266.87,2025-03-20 07:52:08.742558
420,Organized real-time projection,Clothing,193.96,2023-06-21 12:32:29.239576
421,Decentralized eco-centric open architecture,Games,372.47,2023-10-16 23:37:36.143848
422,Optional analyzing project,Beauty,106.88,2024-09-09 05:00:42.424619
423,Monitored bi-directional parallelism,Baby & Toddler,136.01,2024-09-12 20:18:52.509392
424,Synergized bottom-line hardware,Toys,320.96,2024-07-04 09:14:07.112575
425,Cross-platform value-added conglomeration,Movies,144.63,2025-04-17 22:14:36.580281
426,Managed value-added algorithm,Handbags & Accessories,86.55,2024-10-22 01:31:09.091938
427,Managed static Internet solution,Music,390.12,2023-08-17 12:53:11.316451
428,Progressive background challenge,Sunglasses,371.04,2024-04-06 07:41:51.586499
429,Ergonomic human-resource moderator,Jewelry,65.05,2024-02-05 06:50:44.837040
430,Managed systemic adapter,Shoes,356.22,2024-03-14 21:36:13.093403
431,Robust static groupware,Tools,237.54,2024-06-03 06:22:18.661534
432,Operative methodical process improvement,Toys,286.84,2023-09-04 13:41:52.004095
433,Cross-platform grid-enabled help-desk,Beauty,460.8,2024-07-25 20:49:50.401975
434,Organic multi-tasking migration,Garden & Outdoor,446.34,2025-04-28 19:03:16.937883
435,Managed analyzing emulation,Beauty & Personal Care,260.56,2025-04-08 09:06:02.918825
436,Adaptive client-server core,Pet Supplies,487.27,2024-07-28 13:03:32.274442
437,Enhanced dedicated data-warehouse,Books,348.74,2024-05-01 16:24:22.755947
438,User-centric 24hour project,Beauty & Personal Care,323.89,2024-11-03 21:59:02.962067
439,Cloned zero-defect matrices,Office Supplies,434.63,2024-11-02 14:31:19.138747
440,Compatible clear-thinking knowledge user,Garden & Outdoor,447.82,2023-09-09 07:27:28.350583
441,Devolved well-modulated ability,Beauty,220.11,2025-03-21 21:27:16.235162
442,Sharable next generation support,Sunglasses,212.33,2024-02-07 19:45:48.345732
443,Monitored heuristic groupware,Art & Crafts,453.06,2024-02-27 02:42:11.254178
444,Synergized uniform customer loyalty,Health & Wellness,309.05,2023-08-28 05:31:55.808320
445,Expanded system-worthy support,Office Supplies,364.29,2025-02-05 20:17:44.257414
446,Decentralized coherent throughput,Clothing,413.57,2024-11-04 16:32:18.260505
447,Phased stable emulation,Baby & Toddler,77.15,2025-02-25 09:56:46.837332
448,Decentralized zero tolerance budgetary management,Office Supplies,49.21,2023-11-27 14:11:01.321700
449,Reverse-engineered modular installation,Sunglasses,265.16,2023-10-23 06:55:09.991834
450,Synergized high-level project,Watches,499.66,2024-04-30 04:51:40.360086
451,Persistent methodical interface,Music,399.65,2023-08-18 11:13:50.131456
452,Profit-focused content-based application,Music,31.51,2023-09-16 18:30:18.823003
453,Robust next generation support,Jewelry,394.97,2025-05-20 06:55:43.955326
454,Optimized user-facing orchestration,Health & Wellness,493.01,2024-09-10 00:17:08.551003
455,User-centric executive function,Books,402.43,2025-06-10 21:09:22.350308
456,Multi-layered local access,Automotive,389.55,2024-11-13 12:53:15.797406
457,Multi-channeled zero administration help-desk,Beauty & Personal Care,381.06,2024-05-08 03:11:31.772764
458,Polarized solution-oriented time-frame,Home & Garden,223.37,2024-02-09 13:41:56.802427
459,Universal bi-directional productivity,Jewelry,288.85,2024-03-29 17:59:04.303262
460,Profound empowering Graphical User Interface,Jewelry,311.92,2023-12-23 19:45:47.800092
461,Advanced maximized database,Home & Garden,104.05,2024-07-30 16:44:53.909833
462,Switchable local parallelism,Tools,255.39,2023-11-27 13:35:52.806431
463,Organic system-worthy policy,Home & Garden,114.2,2023-06-17 21:26:18.247096
464,Total context-sensitive adapter,Games,112.55,2024-06-15 20:25:08.816213
465,Seamless 6thgeneration circuit,Tools,284.03,2023-12-20 06:52:16.376465
466,Programmable directional database,Movies,338.71,2024-07-18 23:47:11.733555
467,Switchable exuding paradigm,Music,35.8,2024-11-24 14:45:51.532889
468,Grass-roots even-keeled archive,Tools,78.21,2025-03-28 09:47:36.243665
469,Multi-layered leadingedge artificial intelligence,Games,263.64,2024-07-22 14:58:58.348002
470,Future-proofed methodical encryption,Jewelry,162.56,2025-03-22 18:08:06.297280
471,Robust reciprocal hardware,Handbags & Accessories,193.31,2025-03-24 02:23:08.073102
472,Monitored responsive parallelism,Music,190.46,2023-07-22 15:13:07.873245
473,Profit-focused asynchronous intranet,Electronics,480.46,2024-11-05 00:34:50.235142
474,Open-source hybrid complexity,Clothing,28.2,2023-06-22 22:00:12.823919
475,Advanced system-worthy standardization,Books,448.56,2024-11-07 08:51:25.357034
476,Decentralized actuating hierarchy,Art & Crafts,444.32,2024-02-04 21:03:59.612123
477,Cloned 5thgeneration paradigm,Watches,271.58,2025-01-11 21:10:35.790093
478,Customer-focused didactic open architecture,Jewelry,389.22,2023-06-19 00:45:13.618901
479,Streamlined stable projection,Games,101.3,2024-12-05 14:17:02.599150
480,Optional real-time framework,Books,422.8,2025-05-04 11:01:54.772660
481,Ergonomic 6thgeneration orchestration,Art & Crafts,423.19,2024-01-02 14:24:24.034204
482,Self-enabling background benchmark,Watches,126.35,2025-05-01 13:11:20.697798
483,Open-architected content-based collaboration,Toys,356.09,2023-11-11 21:55:11.306944
484,Reverse-engineered static adapter,Shoes,460.49,2025-03-22 12:17:49.178360
485,Profit-focused system-worthy superstructure,Office Supplies,168.67,2024-06-15 03:15:24.517874
486,Programmable foreground hardware,Clothing,369.54,2024-07-04 14:05:34.841665
487,Right-sized object-oriented knowledgebase,Beauty & Personal Care,465.71,2024-06-06 15:15:11.478542
488,Automated human-resource portal,Beauty & Personal Care,472.57,2024-10-02 08:28:01.809023
489,Quality-focused empowering strategy,Health & Wellness,206.27,2023-11-30 00:29:42.280893
490,Horizontal clear-thinking conglomeration,Health & Wellness,183.66,2024-09-06 02:28:58.346395
491,Customer-focused didactic model,Jewelry,404.27,2025-01-08 02:22:57.916781
492,Realigned web-enabled support,Beauty,464.11,2024-03-27 03:21:14.543859
493,Re-engineered multi-tasking project,Garden & Outdoor,159.58,2024-03-26 09:17:50.724179
494,Face-to-face mission-critical artificial intelligence,Art & Crafts,278.06,2024-07-20 01:58:37.817820
495,Horizontal 3rdgeneration portal,Beauty & Personal Care,83.55,2025-01-26 02:08:07.624676
496,Configurable disintermediate neural-net,Automotive,172.0,2024-09-11 16:27:10.290475
497,Digitized bifurcated policy,Pet Supplies,325.14,2023-11-02 21:20:48.559186
498,Synergistic background project,Jewelry,279.01,2024-03-08 15:01:15.123590
499,Seamless mission-critical monitoring,Tools,417.92,2024-05-26 20:39:39.955526
500,Synchronized modular concept,Sports,161.1,2025-04-11 10:24:00.158551
